IBM,ibm,-,IBM
CISCO,-,Cisco,Cisco_Systems
Microsoft,-,Microsoft,Microsoft
Code42,code42,-,Code42
Boeing,boeing,-,Boeing
Dropbox,-,Dropbox,Dropbox_(service)
Ciklum,-,Ciklum.International,Ciklum
HP,-,HP,Hewlett-Packard
Oracle,-,Oracle,Oracle
ITT,-,ittcorp,ITT_Corporation
BlackLine,-,BlackLineHQ,Blackline_GPS
Axis Communications,-,axiscommunications,Axis_Communications
BP3,-,Bp3Global,-
Ontraport,-,ontraport,Ontraport
Radiall,radiallgroup,-,Radiall
Brainlab,-,brainlabcorporate,Brainlab
Macedon Technologies,-,macedontechnologies,-
Disher,disherdesign,-,-
Paycom,Paycom,-,Paycom